"Controller","Verb","Route","Action"
"AccionesPersonalController","HttpGet","","Catalogos"
"AccionesPersonalController","HttpGet","","Listar"
"AccionesPersonalController","HttpGet","{id:long}","Obtener"
"AccionesPersonalController","HttpPost","","Crear"
"AccionesPersonalController","HttpPut","{id:long}","Actualizar"
"AccionesPersonalController","HttpDelete","{id:long}","Eliminar"
"CajaController","HttpGet","","Catalogos"
"CajaController","HttpGet","","BuscarCreditos"
"CajaController","HttpGet","","BuscarDesembolsos"
"CajaController","HttpPost","","AbrirSesion"
"CajaController","HttpPost","","CerrarSesion"
"CajaController","HttpPost","","GenerarArqueo"
"CajaController","HttpGet","","Resumen"
"CajaController","HttpGet","","ListarRecibos"
"CajaController","HttpGet","","BuscarAbonante"
"CajaController","HttpPost","","AplicarPago"
"CajaController","HttpPost","","DesembolsarCredito"
"CajaController","HttpPost","","AnularPago"
"CajaController","HttpGet","","VoucherPagoHtml"
"CajaController","HttpGet","","VoucherMovimientoHtml"
"CajaController","HttpGet","","HojaArqueoHtml"
"CarteraController","HttpGet","","Catalogos"
"CarteraController","HttpGet","","Resumen"
"CarteraController","HttpGet","","Listar"
"CarteraController","HttpGet","","Obtener"
"CarteraController","HttpGet","","RecuperacionDiaria"
"CarteraController","HttpGet","","ClasificacionRegulatoria"
"CarteraController","HttpGet","","UltimoCierreRegulatorio"
"CarteraController","HttpPost","","Reasignar"
"CarteraController","HttpPost","","Desasignar"
"CatalogosRrhhController","HttpGet","","Catalogos"
"CatalogosRrhhController","HttpGet","","Listar"
"CatalogosRrhhController","HttpGet","","Obtener"
"CatalogosRrhhController","HttpPost","","Crear"
"CatalogosRrhhController","HttpPut","{id:long}","Actualizar"
"CatalogosRrhhController","HttpDelete","{id:long}","Eliminar"
"ClientesController","HttpGet","","Catalogos"
"ClientesController","HttpGet","","Listar"
"ClientesController","HttpGet","","Obtener"
"ClientesController","HttpGet","","PrestamoDetalle"
"ClientesController","HttpGet","","EstadoCuentaPrestamoHtml"
"ClientesController","HttpGet","","PlanPagoPrestamoHtml"
"ClientesController","HttpPost","","Crear"
"ClientesController","HttpPost","","Actualizar"
"ClientesController","HttpPost","","SolicitarEliminacion"
"ClientesController","HttpGet","","EliminacionesPendientes"
"ContabilidadController","HttpGet","","Catalogos"
"ContabilidadController","HttpGet","","CoreMicrofinanciero"
"ContabilidadController","HttpGet","","Resumen"
"ContabilidadController","HttpGet","","ListarCuentas"
"ContabilidadController","HttpGet","","ObtenerCuenta"
"ContabilidadController","HttpPost","","GuardarCuenta"
"ContabilidadController","HttpPost","","CambiarEstadoCuenta"
"ContabilidadController","HttpGet","","ListarAsientos"
"ContabilidadController","HttpGet","","DetalleAsiento"
"ContabilidadController","HttpGet","","BalanceComprobacion"
"ContabilidadController","HttpGet","","BalanceGeneral"
"ContabilidadController","HttpGet","","EstadoResultados"
"ContabilidadController","HttpGet","","CarteraContable"
"ContabilidadController","HttpGet","","PrimBase"
"ContratosController","HttpGet","","Catalogos"
"ContratosController","HttpGet","","SugerirNumero"
"ContratosController","HttpGet","","Listar"
"ContratosController","HttpGet","{id:long}","Obtener"
"ContratosController","HttpPost","","Crear"
"ContratosController","HttpPut","{id:long}","Actualizar"
"ContratosController","HttpDelete","{id:long}","Eliminar"
"ContratosController","HttpGet","{id:long}","Documento"
"EmpleadosController","HttpGet","","Catalogos"
"EmpleadosController","HttpGet","","Listar"
"EmpleadosController","HttpGet","{id:long}","Obtener"
"EmpleadosController","HttpPost","","Crear"
"EmpleadosController","HttpPut","{id:long}","Actualizar"
"EmpleadosController","HttpDelete","{id:long}","Eliminar"
"EstructuraOrganizativaController","HttpGet","","Catalogos"
"EstructuraOrganizativaController","HttpGet","","Listar"
"EstructuraOrganizativaController","HttpGet","","Arbol"
"EstructuraOrganizativaController","HttpGet","{id:long}","Obtener"
"EstructuraOrganizativaController","HttpPost","","Crear"
"EstructuraOrganizativaController","HttpPut","{id:long}","Actualizar"
"EstructuraOrganizativaController","HttpDelete","{id:long}","Eliminar"
"EstructuraOrganizativaController","HttpPost","","CargarEstructuraBase"
"ExpedientesController","HttpGet","","Catalogos"
"ExpedientesController","HttpGet","","Listar"
"ExpedientesController","HttpGet","{id:long}","Obtener"
"ExpedientesController","HttpGet","{id:long}","Descargar"
"ExpedientesController","HttpDelete","{id:long}","Eliminar"
"NominaController","HttpGet","","Contexto"
"NominaController","HttpPost","","GuardarConfiguracionEmpresa"
"NominaController","HttpPost","","AbrirPeriodo"
"NominaController","HttpPost","","Generar"
"NominaController","HttpPost","","Cerrar"
"NominaController","HttpPost","","PrevisualizarLiquidacion"
"NominaController","HttpPost","","GenerarLiquidacion"
"NominaController","HttpGet","","ObtenerLiquidacion"
"NominaController","HttpGet","","LiquidacionHtml"
"NominaController","HttpGet","","LiquidacionExcel"
"NominaController","HttpGet","","CartaRecomendacionHtml"
"NominaController","HttpGet","","ObtenerNomina"
"NominaController","HttpGet","","EsquelaHtml"
"NominaController","HttpGet","","ReporteGeneralHtml"
"NominaController","HttpGet","","ReporteGeneralExcel"
"NovedadesController","HttpGet","","Catalogos"
"NovedadesController","HttpGet","","ObtenerSaldoVacaciones"
"NovedadesController","HttpGet","","ReporteVacacionesDisponibles"
"NovedadesController","HttpPost","","AplicarAjusteVacacionesMasivo"
"NovedadesController","HttpGet","","ListarPermisos"
"NovedadesController","HttpGet","{id:long}","ObtenerPermiso"
"NovedadesController","HttpPost","","CrearPermiso"
"NovedadesController","HttpPut","{id:long}","ActualizarPermiso"
"NovedadesController","HttpPut","{id:long}","ResolverPermiso"
"NovedadesController","HttpGet","","ListarVacaciones"
"NovedadesController","HttpGet","{id:long}","ObtenerVacacion"
"NovedadesController","HttpPost","","CrearVacacion"
"NovedadesController","HttpPut","{id:long}","ActualizarVacacion"
"NovedadesController","HttpPut","{id:long}","ResolverVacacion"
"NovedadesController","HttpGet","","ListarHorasExtra"
"NovedadesController","HttpGet","{id:long}","ObtenerHoraExtra"
"NovedadesController","HttpPost","","CrearHoraExtra"
"NovedadesController","HttpPut","{id:long}","ActualizarHoraExtra"
"NovedadesController","HttpPut","{id:long}","ResolverHoraExtra"
"PortalController","HttpGet","","MiContexto"
"PortalController","HttpPut","{id:long}","ActualizarMiVacacion"
"PortalController","HttpDelete","{id:long}","EliminarMiVacacion"
"PortalController","HttpPut","{id:long}","ActualizarMiHoraExtra"
"PortalController","HttpDelete","{id:long}","EliminarMiHoraExtra"
"PortalController","HttpGet","","MisEsquelas"
"PortalController","HttpGet","","SupervisorContexto"
"PortalController","HttpGet","","SupervisorNotificaciones"
"PortalController","HttpGet","","SupervisorPendientes"
"PortalController","HttpPut","{id:long}","ResolverSupervisorVacacion"
"PortalController","HttpPut","{id:long}","ResolverSupervisorPermiso"
"PortalController","HttpPut","{id:long}","ResolverSupervisorHoraExtra"
"RelojController","HttpGet","","Estado"
"RelojController","HttpPost","","Marcar"
"RelojController","HttpGet","","Catalogos"
"RelojController","HttpGet","","Resumen"
"RrhhResumenController","HttpGet","","Overview"
"RrhhResumenController","HttpGet","","Bitacora"
"RrhhResumenController","HttpGet","","EstructuraEmpresa"
"SeguridadController","HttpPost","","Login"
"SeguridadController","HttpPost","","CambiarClave"
"SeguridadController","HttpPost","","Logout"
"SeguridadController","HttpGet","","Usuarios"
"SeguridadController","HttpGet","{idUsuario:long}","ModulosUsuario"
"SeguridadController","HttpPut","{idUsuario:long}","GuardarModulosUsuario"
"SeguridadController","HttpGet","","MisModulosDashboard"
"SeguridadController","HttpGet","","ConfiguracionGeneral"
"SeguridadController","HttpPut","","GuardarConfiguracionGeneral"
"SeguridadController","HttpGet","","ReglasConami"
"SeguridadController","HttpGet","","CoreMicrofinanciero"
"SeguridadController","HttpPut","","GuardarReglasConami"
"SeguridadController","HttpGet","","ParametrosSeguridad"
"SeguridadController","HttpPut","","GuardarParametrosSeguridad"
"SeguridadController","HttpGet","","TiposCambioConfiguracion"
"SeguridadController","HttpPost","","ImportarTipoCambioOficial"
"SeguridadController","HttpPost","","GuardarTipoCambioInstitucional"
"SeguridadController","HttpPost","","SubirLogoSistema"
"SeguridadController","HttpPost","{idUsuario:long}","DesbloquearUsuario"
"SeguridadController","HttpPost","{idUsuario:long}","RestablecerClaveTemporal"
"SeguridadController","HttpGet","","BitacoraAcceso"
"SeguridadController","HttpGet","","BitacoraMovimientos"
"SeguridadController","HttpGet","","SugerirUsuario"
"SolicitudesCreditoController","HttpGet","","Catalogos"
"SolicitudesCreditoController","HttpGet","","BuscarCliente"
"SolicitudesCreditoController","HttpGet","","Listar"
"SolicitudesCreditoController","HttpGet","","Obtener"
"SolicitudesCreditoController","HttpGet","","ReporteConamiHtml"
"SolicitudesCreditoController","HttpGet","","ReporteConamiExcel"
"SolicitudesCreditoController","HttpGet","","ExpedienteHtml"
"SolicitudesCreditoController","HttpGet","","ExpedienteExcel"
"SolicitudesCreditoController","HttpGet","","PlanPagoHtml"
"SolicitudesCreditoController","HttpGet","","PlanPagoExcel"
"SolicitudesCreditoController","HttpPost","","Crear"
"SolicitudesCreditoController","HttpPost","","Actualizar"
"SolicitudesCreditoController","HttpPost","","GenerarPlan"
"SolicitudesCreditoController","HttpGet","","ProductosCredito"
"SolicitudesCreditoController","HttpPut","","GuardarProductoCredito"
"SolicitudesCreditoController","HttpPost","","ConsultarCentral"
"SolicitudesCreditoController","HttpPost","","Resolver"
