"foreign_key","parent_schema","parent_table","parent_column","referenced_schema","referenced_table","referenced_column"
"FK_administracion_impuesto_cuenta","administracion","impuesto","codigo_cuenta_contable","contabilidad","catalogo_cuenta_muc","codigo_cuenta"
"FK_administracion_impuesto_empresa","administracion","impuesto","id_empresa","empresa","empresa","id_empresa"
"FK_administracion_moneda_empresa","administracion","moneda","id_empresa","empresa","empresa","id_empresa"
"FK_administracion_secuencia_documento_empresa","administracion","secuencia_documento","id_empresa","empresa","empresa","id_empresa"
"FK_administracion_secuencia_documento_sucursal","administracion","secuencia_documento","id_sucursal","empresa","sucursal","id_sucursal"
"FK_conciliacion_bancaria_cuenta","bancos","conciliacion_bancaria","id_cuenta_bancaria","bancos","cuenta_bancaria","id_cuenta_bancaria"
"FK_conciliacion_bancaria_empresa","bancos","conciliacion_bancaria","id_empresa","empresa","empresa","id_empresa"
"FK_conciliacion_bancaria_estado","bancos","conciliacion_bancaria","codigo_estado_conciliacion","bancos","estado_conciliacion_bancaria","codigo_estado_conciliacion"
"FK_conciliacion_bancaria_sucursal","bancos","conciliacion_bancaria","id_sucursal","empresa","sucursal","id_sucursal"
"FK_conciliacion_bancaria_detalle_header","bancos","conciliacion_bancaria_detalle","id_conciliacion_bancaria","bancos","conciliacion_bancaria","id_conciliacion_bancaria"
"FK_conciliacion_bancaria_detalle_mov","bancos","conciliacion_bancaria_detalle","id_movimiento_bancario","bancos","movimiento_bancario","id_movimiento_bancario"
"FK_cuenta_bancaria_banco","bancos","cuenta_bancaria","id_banco","rrhh","banco","id_banco"
"FK_cuenta_bancaria_cuenta_contable","bancos","cuenta_bancaria","codigo_cuenta_contable","contabilidad","catalogo_cuenta_muc","codigo_cuenta"
"FK_cuenta_bancaria_empresa","bancos","cuenta_bancaria","id_empresa","empresa","empresa","id_empresa"
"FK_cuenta_bancaria_sucursal","bancos","cuenta_bancaria","id_sucursal","empresa","sucursal","id_sucursal"
"FK_movimiento_bancario_asiento","bancos","movimiento_bancario","id_asiento","contabilidad","asiento","id_asiento"
"FK_movimiento_bancario_caja","bancos","movimiento_bancario","id_movimiento_caja","caja","movimiento_caja","id_movimiento_caja"
"FK_movimiento_bancario_cuenta","bancos","movimiento_bancario","id_cuenta_bancaria","bancos","cuenta_bancaria","id_cuenta_bancaria"
"FK_movimiento_bancario_cuenta_contrapartida","bancos","movimiento_bancario","codigo_cuenta_contrapartida","contabilidad","catalogo_cuenta_muc","codigo_cuenta"
"FK_movimiento_bancario_empresa","bancos","movimiento_bancario","id_empresa","empresa","empresa","id_empresa"
"FK_movimiento_bancario_sucursal","bancos","movimiento_bancario","id_sucursal","empresa","sucursal","id_sucursal"
"FK_movimiento_bancario_tipo","bancos","movimiento_bancario","codigo_tipo_movimiento_bancario","bancos","tipo_movimiento_bancario","codigo_tipo_movimiento_bancario"
"FK_movimiento_bancario_transferencia","bancos","movimiento_bancario","id_transferencia_bancaria","bancos","transferencia_bancaria","id_transferencia_bancaria"
"FK_transferencia_bancaria_asiento","bancos","transferencia_bancaria","id_asiento","contabilidad","asiento","id_asiento"
"FK_transferencia_bancaria_cuenta_destino","bancos","transferencia_bancaria","id_cuenta_bancaria_destino","bancos","cuenta_bancaria","id_cuenta_bancaria"
"FK_transferencia_bancaria_cuenta_origen","bancos","transferencia_bancaria","id_cuenta_bancaria_origen","bancos","cuenta_bancaria","id_cuenta_bancaria"
"FK_transferencia_bancaria_empresa","bancos","transferencia_bancaria","id_empresa","empresa","empresa","id_empresa"
"FK_transferencia_bancaria_sucursal","bancos","transferencia_bancaria","id_sucursal","empresa","sucursal","id_sucursal"
"FK_arqueo_caja_sesion","caja","arqueo_caja","id_sesion_caja","caja","sesion_caja","id_sesion_caja"
"FK_detalle_denominacion_arqueo_arqueo","caja","detalle_denominacion_arqueo","id_arqueo_caja","caja","arqueo_caja","id_arqueo_caja"
"FK_detalle_denominacion_arqueo_denominacion","caja","detalle_denominacion_arqueo","id_denominacion_moneda","parametros","denominacion_moneda","id_denominacion_moneda"
"FK_movimiento_caja_credito","caja","movimiento_caja","id_credito","creditos","credito","id_credito"
"FK_movimiento_caja_pago_credito","caja","movimiento_caja","id_pago_credito","creditos","pago_credito","id_pago_credito"
"FK_movimiento_caja_sesion","caja","movimiento_caja","id_sesion_caja","caja","sesion_caja","id_sesion_caja"
"FK_recibo_oficial_caja_movimiento","caja","recibo_oficial_caja","id_movimiento_caja","caja","movimiento_caja","id_movimiento_caja"
"FK_cap_cliente","captaciones","captacion_cliente","id_cliente","clientes","cliente","id_cliente"
"FK_cap_producto","captaciones","captacion_cliente","id_producto_captacion","captaciones","producto_captacion","id_producto_captacion"
"FK_cap_prospecto","captaciones","captacion_cliente","id_prospecto","clientes","prospecto_cliente","id_prospecto"
"FK_cap_mov_captacion","captaciones","movimiento_captacion","id_captacion","captaciones","captacion_cliente","id_captacion"
"FK_hist_prospecto_prospecto","clientes","historial_prospecto_cliente","id_prospecto","clientes","prospecto_cliente","id_prospecto"
"FK_prospecto_cliente_convertido","clientes","prospecto_cliente","id_cliente_convertido","clientes","cliente","id_cliente"
"FK_clientes_solicitud_eliminacion_cliente","clientes","solicitud_eliminacion_cliente","id_cliente","clientes","cliente","id_cliente"
"FK_asignacion_cobranza_credito_credito","cobranza","asignacion_cobranza_credito","id_credito","creditos","credito","id_credito"
"FK_bitacora_gestion_cobranza_credito","cobranza","bitacora_gestion_cobranza","id_credito","creditos","credito","id_credito"
"FK_bitacora_gestion_cobranza_dispensa","cobranza","bitacora_gestion_cobranza","id_solicitud_dispensa_credito","operacion","solicitud_dispensa_credito","id_solicitud_dispensa_credito"
"FK_bitacora_gestion_cobranza_gestion","cobranza","bitacora_gestion_cobranza","id_gestion_cobranza_credito","cobranza","gestion_cobranza_credito","id_gestion_cobranza_credito"
"FK_bitacora_gestion_cobranza_promesa","cobranza","bitacora_gestion_cobranza","id_promesa_pago_credito","cobranza","promesa_pago_credito","id_promesa_pago_credito"
"FK_conciliacion_promesa_pago_credito_pago","cobranza","conciliacion_promesa_pago_credito","id_pago_credito","creditos","pago_credito","id_pago_credito"
"FK_conciliacion_promesa_pago_credito_promesa","cobranza","conciliacion_promesa_pago_credito","id_promesa_pago_credito","cobranza","promesa_pago_credito","id_promesa_pago_credito"
"FK_gestion_cobranza_credito_canal","cobranza","gestion_cobranza_credito","codigo_canal_gestion_cobranza","cobranza","canal_gestion_cobranza","codigo_canal_gestion_cobranza"
"FK_gestion_cobranza_credito_credito","cobranza","gestion_cobranza_credito","id_credito","creditos","credito","id_credito"
"FK_gestion_cobranza_credito_dispensa","cobranza","gestion_cobranza_credito","id_solicitud_dispensa_credito","operacion","solicitud_dispensa_credito","id_solicitud_dispensa_credito"
"FK_gestion_cobranza_credito_persona_vinculada","cobranza","gestion_cobranza_credito","id_persona_vinculada_credito","creditos","persona_vinculada_credito","id_persona_vinculada_credito"
"FK_gestion_cobranza_credito_resultado","cobranza","gestion_cobranza_credito","codigo_resultado_gestion_cobranza","cobranza","resultado_gestion_cobranza","codigo_resultado_gestion_cobranza"
"FK_gestion_cobranza_credito_tipo","cobranza","gestion_cobranza_credito","codigo_tipo_gestion_cobranza","cobranza","tipo_gestion_cobranza","codigo_tipo_gestion_cobranza"
"FK_gestion_cobranza_credito_tipo_contacto","cobranza","gestion_cobranza_credito","codigo_tipo_contacto_gestion_cobranza","cobranza","tipo_contacto_gestion_cobranza","codigo_tipo_contacto_gestion_cobranza"
"FK_promesa_pago_credito_credito","cobranza","promesa_pago_credito","id_credito","creditos","credito","id_credito"
"FK_promesa_pago_credito_estado","cobranza","promesa_pago_credito","codigo_estado_promesa_pago","cobranza","estado_promesa_pago","codigo_estado_promesa_pago"
"FK_promesa_pago_credito_gestion","cobranza","promesa_pago_credito","id_gestion_cobranza_credito","cobranza","gestion_cobranza_credito","id_gestion_cobranza_credito"
"FK_promesa_pago_credito_pago","cobranza","promesa_pago_credito","id_pago_credito","creditos","pago_credito","id_pago_credito"
"FK_factura_proveedor_asiento","compras","factura_proveedor","id_asiento","contabilidad","asiento","id_asiento"
"FK_factura_proveedor_documento_pagar","compras","factura_proveedor","id_documento_pagar","cxp","documento_pagar","id_documento_pagar"
"FK_factura_proveedor_empresa","compras","factura_proveedor","id_empresa","empresa","empresa","id_empresa"
"FK_factura_proveedor_moneda","compras","factura_proveedor","id_moneda","administracion","moneda","id_moneda"
"FK_factura_proveedor_proveedor","compras","factura_proveedor","id_proveedor","proveedores","proveedor","id_proveedor"
"FK_factura_proveedor_secuencia","compras","factura_proveedor","id_secuencia_documento","administracion","secuencia_documento","id_secuencia_documento"
"FK_factura_proveedor_sucursal","compras","factura_proveedor","id_sucursal","empresa","sucursal","id_sucursal"
"FK_factura_proveedor_detalle_centro_costo","compras","factura_proveedor_detalle","id_centro_costo","contabilidad","centro_costo","id_centro_costo"
"FK_factura_proveedor_detalle_cuenta_gasto","compras","factura_proveedor_detalle","codigo_cuenta_gasto","contabilidad","catalogo_cuenta_muc","codigo_cuenta"
"FK_factura_proveedor_detalle_empresa","compras","factura_proveedor_detalle","id_empresa","empresa","empresa","id_empresa"
"FK_factura_proveedor_detalle_factura","compras","factura_proveedor_detalle","id_factura_proveedor","compras","factura_proveedor","id_factura_proveedor"
"FK_factura_proveedor_detalle_impuesto","compras","factura_proveedor_detalle","id_impuesto","administracion","impuesto","id_impuesto"
"FK_factura_proveedor_detalle_producto","compras","factura_proveedor_detalle","id_producto","inventario","producto","id_producto"
"FK_asignacion_plantilla_plantilla","configuracion","asignacion_plantilla_formato","id_plantilla_formato","configuracion","plantilla_formato","id_plantilla_formato"
"FK_asignacion_plantilla_tipo","configuracion","asignacion_plantilla_formato","id_tipo_documento_formato","configuracion","tipo_documento_formato","id_tipo_documento_formato"
"FK_bitacora_formato_plantilla","configuracion","bitacora_formato","id_plantilla_formato","configuracion","plantilla_formato","id_plantilla_formato"
"FK_bitacora_formato_version","configuracion","bitacora_formato","id_plantilla_formato_version","configuracion","plantilla_formato_version","id_plantilla_formato_version"
"FK_bloque_plantilla_version","configuracion","bloque_plantilla_formato","id_plantilla_formato_version","configuracion","plantilla_formato_version","id_plantilla_formato_version"
"FK_documento_generado_plantilla","configuracion","documento_generado","id_plantilla_formato","configuracion","plantilla_formato","id_plantilla_formato"
"FK_documento_generado_tipo","configuracion","documento_generado","id_tipo_documento_formato","configuracion","tipo_documento_formato","id_tipo_documento_formato"
"FK_documento_generado_version","configuracion","documento_generado","id_plantilla_formato_version","configuracion","plantilla_formato_version","id_plantilla_formato_version"
"FK_parametro_impresion_formato_plantilla","configuracion","parametro_impresion_formato","id_plantilla_formato","configuracion","plantilla_formato","id_plantilla_formato"
"FK_parametro_impresion_preset","configuracion","parametro_impresion_formato","id_preset_impresion_formato","configuracion","preset_impresion_formato","id_preset_impresion_formato"
"FK_plantilla_formato_tipo_documento","configuracion","plantilla_formato","id_tipo_documento_formato","configuracion","tipo_documento_formato","id_tipo_documento_formato"
"FK_plantilla_formato_version_plantilla","configuracion","plantilla_formato_version","id_plantilla_formato","configuracion","plantilla_formato","id_plantilla_formato"
"FK_plantilla_variable_plantilla","configuracion","plantilla_variable_permitida","id_plantilla_formato","configuracion","plantilla_formato","id_plantilla_formato"
"FK_plantilla_variable_variable","configuracion","plantilla_variable_permitida","id_variable_formato","configuracion","variable_formato","id_variable_formato"
"FK_recurso_visual_formato_plantilla","configuracion","recurso_visual_formato","id_plantilla_formato","configuracion","plantilla_formato","id_plantilla_formato"
"FK_variable_formato_tipo_documento","configuracion","variable_formato","id_tipo_documento_formato","configuracion","tipo_documento_formato","id_tipo_documento_formato"
"FK_asiento_asiento_reverso","contabilidad","asiento","id_asiento_reverso","contabilidad","asiento","id_asiento"
"FK_asiento_empresa","contabilidad","asiento","id_empresa","empresa","empresa","id_empresa"
"FK_asiento_sucursal","contabilidad","asiento","id_sucursal","empresa","sucursal","id_sucursal"
"FK_asiento_detalle_asiento","contabilidad","asiento_detalle","id_asiento","contabilidad","asiento","id_asiento"
"FK_asiento_detalle_centro_costo","contabilidad","asiento_detalle","id_centro_costo","contabilidad","centro_costo","id_centro_costo"
"FK_asiento_detalle_cliente","contabilidad","asiento_detalle","id_cliente","clientes","cliente","id_cliente"
"FK_centro_costo_empresa","contabilidad","centro_costo","id_empresa","empresa","empresa","id_empresa"
"FK_centro_costo_sucursal","contabilidad","centro_costo","id_sucursal","empresa","sucursal","id_sucursal"
"FK_configuracion_asiento_transaccion_empresa","contabilidad","configuracion_asiento_transaccion","id_empresa","empresa","empresa","id_empresa"
"FK_configuracion_asiento_transaccion_tipo","contabilidad","configuracion_asiento_transaccion","codigo_tipo_transaccion_contable","contabilidad","tipo_transaccion_contable","codigo_tipo_transaccion_contable"
"FK_configuracion_asiento_transaccion_detalle","contabilidad","configuracion_asiento_transaccion_detalle","id_configuracion_asiento_transaccion","contabilidad","configuracion_asiento_transaccion","id_configuracion_asiento_transaccion"
"FK_historial_evento_credito_contable_asiento","contabilidad","historial_evento_credito_contable","id_asiento","contabilidad","asiento","id_asiento"
"FK_historial_evento_credito_contable_credito","contabilidad","historial_evento_credito_contable","id_credito","creditos","credito","id_credito"
"FK_mapeo_estado_version","contabilidad","mapeo_estado_muc","id_version_regla","regulatorio","version_regla","id_version_regla"
"FK_periodo_contable_empresa","contabilidad","periodo_contable","id_empresa","empresa","empresa","id_empresa"
"FK_reversion_asiento_original","contabilidad","reversion_asiento","id_asiento_original","contabilidad","asiento","id_asiento"
"FK_reversion_asiento_reversion","contabilidad","reversion_asiento","id_asiento_reversion","contabilidad","asiento","id_asiento"
"FK_aplicacion_pago_credito_pago","creditos","aplicacion_pago_credito","id_pago_credito","creditos","pago_credito","id_pago_credito"
"FK_aplicacion_pago_cuota_pago","creditos","aplicacion_pago_cuota","id_pago_credito","creditos","pago_credito","id_pago_credito"
"FK_aplicacion_pago_cuota_plan","creditos","aplicacion_pago_cuota","id_plan_pago_credito","creditos","plan_pago_credito","id_plan_pago_credito"
"FK_aprobacion_solicitud_credito","creditos","aprobacion_solicitud_credito","id_solicitud_credito","creditos","solicitud_credito","id_solicitud_credito"
"FK_creditos_asignacion_oficial_credito_credito","creditos","asignacion_oficial_credito","id_credito","creditos","credito","id_credito"
"FK_creditos_asignacion_oficial_credito_usuario","creditos","asignacion_oficial_credito","id_usuario_oficial","seguridad","usuario","id_usuario"
"FK_creditos_asignacion_oficial_credito_usuario_asigna","creditos","asignacion_oficial_credito","id_usuario_asigna","seguridad","usuario","id_usuario"
"FK_avaluo_garantia_garantia","creditos","avaluo_garantia","id_garantia_credito","creditos","garantia_credito","id_garantia_credito"
"FK_credito_agrupacion_credito","creditos","credito","id_agrupacion_credito","parametros","agrupacion_credito","id_agrupacion_credito"
"FK_credito_cliente","creditos","credito","id_cliente","clientes","cliente","id_cliente"
"FK_credito_solicitud","creditos","credito","id_solicitud_credito","creditos","solicitud_credito","id_solicitud_credito"
"FK_credito_prorroga_credito","creditos","credito_prorroga","id_credito","creditos","credito","id_credito"
"FK_credito_reestructuracion_credito","creditos","credito_reestructuracion","id_credito","creditos","credito","id_credito"
"FK_credito_refinanciamiento_credito_nuevo","creditos","credito_refinanciamiento","id_credito_nuevo","creditos","credito","id_credito"
"FK_credito_refinanciamiento_credito_origen","creditos","credito_refinanciamiento","id_credito_origen","creditos","credito","id_credito"
"FK_desembolso_credito_credito","creditos","desembolso_credito","id_credito","creditos","credito","id_credito"
"FK_documento_expediente_expediente","creditos","documento_expediente","id_expediente_credito","creditos","expediente_credito","id_expediente_credito"
"FK_documento_expediente_tipo","creditos","documento_expediente","id_tipo_documento_expediente","parametros","tipo_documento_expediente","id_tipo_documento_expediente"
"FK_expediente_credito_credito","creditos","expediente_credito","id_credito","creditos","credito","id_credito"
"FK_garantia_credito_credito","creditos","garantia_credito","id_credito","creditos","credito","id_credito"
"FK_garantia_credito_tipo","creditos","garantia_credito","id_tipo_garantia","parametros","tipo_garantia","id_tipo_garantia"
"FK_creditos_historial_asignacion_credito","creditos","historial_asignacion_oficial_credito","id_credito","creditos","credito","id_credito"
"FK_creditos_historial_asignacion_usuario_accion","creditos","historial_asignacion_oficial_credito","id_usuario_accion","seguridad","usuario","id_usuario"
"FK_creditos_historial_asignacion_usuario_anterior","creditos","historial_asignacion_oficial_credito","id_usuario_oficial_anterior","seguridad","usuario","id_usuario"
"FK_creditos_historial_asignacion_usuario_nuevo","creditos","historial_asignacion_oficial_credito","id_usuario_oficial_nuevo","seguridad","usuario","id_usuario"
"FK_pago_credito_credito","creditos","pago_credito","id_credito","creditos","credito","id_credito"
"FK_persona_vinculada_credito_credito","creditos","persona_vinculada_credito","id_credito","creditos","credito","id_credito"
"FK_plan_pago_credito_credito","creditos","plan_pago_credito","id_credito","creditos","credito","id_credito"
"FK_recibo_pago_credito_pago","creditos","recibo_pago_credito","id_pago_credito","creditos","pago_credito","id_pago_credito"
"FK_solicitud_credito_cliente","creditos","solicitud_credito","id_cliente","clientes","cliente","id_cliente"
"FK_creditos_tasa_variable_credito","creditos","tasa_variable_credito","id_credito","creditos","credito","id_credito"
"FK_alerta_cumplimiento_matriz","cumplimiento","alerta_cumplimiento","id_matriz_alerta_temprana","cumplimiento","matriz_alerta_temprana","id_matriz_alerta_temprana"
"FK_alerta_cumplimiento_persona","cumplimiento","alerta_cumplimiento","id_persona_pla","cumplimiento","persona_pla","id_persona_pla"
"FK_alerta_cliente","cumplimiento","alerta_cumplimiento_cliente","id_cliente","clientes","cliente","id_cliente"
"FK_alerta_expediente","cumplimiento","alerta_cumplimiento_cliente","id_expediente_regulatorio","cumplimiento","expediente_regulatorio_cliente","id_expediente_regulatorio"
"FK_bdd_cliente","cumplimiento","bitacora_debida_diligencia_cliente","id_cliente","clientes","cliente","id_cliente"
"FK_bdd_expediente","cumplimiento","bitacora_debida_diligencia_cliente","id_expediente_regulatorio","cumplimiento","expediente_regulatorio_cliente","id_expediente_regulatorio"
"FK_caso_cumplimiento_alerta","cumplimiento","caso_cumplimiento","id_alerta_cumplimiento","cumplimiento","alerta_cumplimiento","id_alerta_cumplimiento"
"FK_caso_cumplimiento_persona","cumplimiento","caso_cumplimiento","id_persona_pla","cumplimiento","persona_pla","id_persona_pla"
"FK_coincidencia_lista_lista","cumplimiento","coincidencia_lista","id_lista_restrictiva","cumplimiento","lista_restrictiva","id_lista_restrictiva"
"FK_coincidencia_lista_persona","cumplimiento","coincidencia_lista","id_persona_pla","cumplimiento","persona_pla","id_persona_pla"
"FK_coincidencia_cliente","cumplimiento","coincidencia_lista_cliente","id_cliente","clientes","cliente","id_cliente"
"FK_coincidencia_expediente","cumplimiento","coincidencia_lista_cliente","id_expediente_regulatorio","cumplimiento","expediente_regulatorio_cliente","id_expediente_regulatorio"
"FK_coincidencia_lista","cumplimiento","coincidencia_lista_cliente","id_lista_control","cumplimiento","lista_control_cumplimiento","id_lista_control"
"FK_beneficiario_cliente","cumplimiento","declaracion_beneficiario_final_cliente","id_cliente","clientes","cliente","id_cliente"
"FK_beneficiario_expediente","cumplimiento","declaracion_beneficiario_final_cliente","id_expediente_regulatorio","cumplimiento","expediente_regulatorio_cliente","id_expediente_regulatorio"
"FK_origen_cliente","cumplimiento","declaracion_origen_fondos_cliente","id_cliente","clientes","cliente","id_cliente"
"FK_origen_expediente","cumplimiento","declaracion_origen_fondos_cliente","id_expediente_regulatorio","cumplimiento","expediente_regulatorio_cliente","id_expediente_regulatorio"
"FK_doc_exp_expediente","cumplimiento","documento_expediente_cliente","id_expediente_regulatorio","cumplimiento","expediente_regulatorio_cliente","id_expediente_regulatorio"
"FK_documento_pla_expediente","cumplimiento","documento_pla","id_expediente_pla","cumplimiento","expediente_pla","id_expediente_pla"
"FK_kyc_expediente","cumplimiento","evaluacion_kyc_cliente","id_expediente_regulatorio","cumplimiento","expediente_regulatorio_cliente","id_expediente_regulatorio"
"FK_expediente_pla_persona","cumplimiento","expediente_pla","id_persona_pla","cumplimiento","persona_pla","id_persona_pla"
"FK_exp_cliente","cumplimiento","expediente_regulatorio_cliente","id_cliente","clientes","cliente","id_cliente"
"FK_perfil_transaccional_persona","cumplimiento","perfil_transaccional","id_persona_pla","cumplimiento","persona_pla","id_persona_pla"
"FK_reporte_cliente","cumplimiento","reporte_operacion_cliente","id_cliente","clientes","cliente","id_cliente"
"FK_reporte_expediente","cumplimiento","reporte_operacion_cliente","id_expediente_regulatorio","cumplimiento","expediente_regulatorio_cliente","id_expediente_regulatorio"
"FK_seguimiento_caso_cumplimiento","cumplimiento","seguimiento_caso_cumplimiento","id_caso_cumplimiento","cumplimiento","caso_cumplimiento","id_caso_cumplimiento"
"FK_cxc_anticipo_cliente_asiento","cxc","anticipo_cliente","id_asiento","contabilidad","asiento","id_asiento"
"FK_cxc_anticipo_cliente_cliente","cxc","anticipo_cliente","id_cliente","clientes","cliente","id_cliente"
"FK_cxc_anticipo_cliente_cuenta","cxc","anticipo_cliente","codigo_cuenta_anticipo","contabilidad","catalogo_cuenta_muc","codigo_cuenta"
"FK_cxc_anticipo_cliente_cuenta_bancaria","cxc","anticipo_cliente","id_cuenta_bancaria","bancos","cuenta_bancaria","id_cuenta_bancaria"
"FK_cxc_anticipo_cliente_empresa","cxc","anticipo_cliente","id_empresa","empresa","empresa","id_empresa"
"FK_cxc_anticipo_cliente_moneda","cxc","anticipo_cliente","id_moneda","administracion","moneda","id_moneda"
"FK_cxc_anticipo_cliente_mov_banco","cxc","anticipo_cliente","id_movimiento_bancario","bancos","movimiento_bancario","id_movimiento_bancario"
"FK_cxc_anticipo_cliente_mov_caja","cxc","anticipo_cliente","id_movimiento_caja","caja","movimiento_caja","id_movimiento_caja"
"FK_cxc_anticipo_cliente_sesion_caja","cxc","anticipo_cliente","id_sesion_caja","caja","sesion_caja","id_sesion_caja"
"FK_cxc_anticipo_cliente_sucursal","cxc","anticipo_cliente","id_sucursal","empresa","sucursal","id_sucursal"
"FK_cxc_aplicacion_anticipo_cliente_anticipo","cxc","aplicacion_anticipo_cliente","id_anticipo_cliente","cxc","anticipo_cliente","id_anticipo_cliente"
"FK_cxc_aplicacion_anticipo_cliente_asiento","cxc","aplicacion_anticipo_cliente","id_asiento","contabilidad","asiento","id_asiento"
"FK_cxc_aplicacion_anticipo_cliente_documento","cxc","aplicacion_anticipo_cliente","id_documento_cobrar","cxc","documento_cobrar","id_documento_cobrar"
"FK_cxc_cobro_cliente_asiento","cxc","cobro_cliente","id_asiento","contabilidad","asiento","id_asiento"
"FK_cxc_cobro_cliente_cliente","cxc","cobro_cliente","id_cliente","clientes","cliente","id_cliente"
"FK_cxc_cobro_cliente_cuenta_bancaria","cxc","cobro_cliente","id_cuenta_bancaria","bancos","cuenta_bancaria","id_cuenta_bancaria"
"FK_cxc_cobro_cliente_empresa","cxc","cobro_cliente","id_empresa","empresa","empresa","id_empresa"
"FK_cxc_cobro_cliente_moneda","cxc","cobro_cliente","id_moneda","administracion","moneda","id_moneda"
"FK_cxc_cobro_cliente_mov_banco","cxc","cobro_cliente","id_movimiento_bancario","bancos","movimiento_bancario","id_movimiento_bancario"
"FK_cxc_cobro_cliente_mov_caja","cxc","cobro_cliente","id_movimiento_caja","caja","movimiento_caja","id_movimiento_caja"
"FK_cxc_cobro_cliente_sesion_caja","cxc","cobro_cliente","id_sesion_caja","caja","sesion_caja","id_sesion_caja"
"FK_cxc_cobro_cliente_sucursal","cxc","cobro_cliente","id_sucursal","empresa","sucursal","id_sucursal"
"FK_cxc_cobro_cliente_detalle_cobro","cxc","cobro_cliente_detalle","id_cobro_cliente","cxc","cobro_cliente","id_cobro_cliente"
"FK_cxc_cobro_cliente_detalle_documento","cxc","cobro_cliente_detalle","id_documento_cobrar","cxc","documento_cobrar","id_documento_cobrar"
"FK_cxc_documento_cobrar_asiento","cxc","documento_cobrar","id_asiento_origen","contabilidad","asiento","id_asiento"
"FK_cxc_documento_cobrar_cliente","cxc","documento_cobrar","id_cliente","clientes","cliente","id_cliente"
"FK_cxc_documento_cobrar_cuenta","cxc","documento_cobrar","codigo_cuenta_cobrar","contabilidad","catalogo_cuenta_muc","codigo_cuenta"
"FK_cxc_documento_cobrar_empresa","cxc","documento_cobrar","id_empresa","empresa","empresa","id_empresa"
"FK_cxc_documento_cobrar_moneda","cxc","documento_cobrar","id_moneda","administracion","moneda","id_moneda"
"FK_cxc_documento_cobrar_sucursal","cxc","documento_cobrar","id_sucursal","empresa","sucursal","id_sucursal"
"FK_cxc_movimiento_documento_cobrar_asiento","cxc","movimiento_documento_cobrar","id_asiento","contabilidad","asiento","id_asiento"
"FK_cxc_movimiento_documento_cobrar_documento","cxc","movimiento_documento_cobrar","id_documento_cobrar","cxc","documento_cobrar","id_documento_cobrar"
"FK_anticipo_proveedor_asiento","cxp","anticipo_proveedor","id_asiento","contabilidad","asiento","id_asiento"
"FK_anticipo_proveedor_cuenta","cxp","anticipo_proveedor","codigo_cuenta_anticipo","contabilidad","catalogo_cuenta_muc","codigo_cuenta"
"FK_anticipo_proveedor_cuenta_bancaria","cxp","anticipo_proveedor","id_cuenta_bancaria","bancos","cuenta_bancaria","id_cuenta_bancaria"
"FK_anticipo_proveedor_empresa","cxp","anticipo_proveedor","id_empresa","empresa","empresa","id_empresa"
"FK_anticipo_proveedor_moneda","cxp","anticipo_proveedor","id_moneda","administracion","moneda","id_moneda"
"FK_anticipo_proveedor_movimiento_bancario","cxp","anticipo_proveedor","id_movimiento_bancario","bancos","movimiento_bancario","id_movimiento_bancario"
"FK_anticipo_proveedor_proveedor","cxp","anticipo_proveedor","id_proveedor","proveedores","proveedor","id_proveedor"
"FK_anticipo_proveedor_secuencia","cxp","anticipo_proveedor","id_secuencia_documento","administracion","secuencia_documento","id_secuencia_documento"
"FK_anticipo_proveedor_sucursal","cxp","anticipo_proveedor","id_sucursal","empresa","sucursal","id_sucursal"
"FK_aplicacion_anticipo_proveedor_anticipo","cxp","aplicacion_anticipo_proveedor","id_anticipo_proveedor","cxp","anticipo_proveedor","id_anticipo_proveedor"
"FK_aplicacion_anticipo_proveedor_asiento","cxp","aplicacion_anticipo_proveedor","id_asiento","contabilidad","asiento","id_asiento"
"FK_aplicacion_anticipo_proveedor_documento","cxp","aplicacion_anticipo_proveedor","id_documento_pagar","cxp","documento_pagar","id_documento_pagar"
"FK_aplicacion_anticipo_proveedor_empresa","cxp","aplicacion_anticipo_proveedor","id_empresa","empresa","empresa","id_empresa"
"FK_aplicacion_anticipo_proveedor_proveedor","cxp","aplicacion_anticipo_proveedor","id_proveedor","proveedores","proveedor","id_proveedor"
"FK_aplicacion_anticipo_proveedor_sucursal","cxp","aplicacion_anticipo_proveedor","id_sucursal","empresa","sucursal","id_sucursal"
"FK_documento_pagar_asiento","cxp","documento_pagar","id_asiento_origen","contabilidad","asiento","id_asiento"
"FK_documento_pagar_cuenta","cxp","documento_pagar","codigo_cuenta_por_pagar","contabilidad","catalogo_cuenta_muc","codigo_cuenta"
"FK_documento_pagar_empresa","cxp","documento_pagar","id_empresa","empresa","empresa","id_empresa"
"FK_documento_pagar_moneda","cxp","documento_pagar","id_moneda","administracion","moneda","id_moneda"
"FK_documento_pagar_proveedor","cxp","documento_pagar","id_proveedor","proveedores","proveedor","id_proveedor"
"FK_documento_pagar_sucursal","cxp","documento_pagar","id_sucursal","empresa","sucursal","id_sucursal"
"FK_movimiento_documento_pagar_asiento","cxp","movimiento_documento_pagar","id_asiento","contabilidad","asiento","id_asiento"
"FK_movimiento_documento_pagar_documento","cxp","movimiento_documento_pagar","id_documento_pagar","cxp","documento_pagar","id_documento_pagar"
"FK_movimiento_documento_pagar_empresa","cxp","movimiento_documento_pagar","id_empresa","empresa","empresa","id_empresa"
"FK_movimiento_documento_pagar_proveedor","cxp","movimiento_documento_pagar","id_proveedor","proveedores","proveedor","id_proveedor"
"FK_movimiento_documento_pagar_sucursal","cxp","movimiento_documento_pagar","id_sucursal","empresa","sucursal","id_sucursal"
"FK_pago_proveedor_asiento","cxp","pago_proveedor","id_asiento","contabilidad","asiento","id_asiento"
"FK_pago_proveedor_cuenta_bancaria","cxp","pago_proveedor","id_cuenta_bancaria","bancos","cuenta_bancaria","id_cuenta_bancaria"
"FK_pago_proveedor_empresa","cxp","pago_proveedor","id_empresa","empresa","empresa","id_empresa"
"FK_pago_proveedor_moneda","cxp","pago_proveedor","id_moneda","administracion","moneda","id_moneda"
"FK_pago_proveedor_movimiento_bancario","cxp","pago_proveedor","id_movimiento_bancario","bancos","movimiento_bancario","id_movimiento_bancario"
"FK_pago_proveedor_proveedor","cxp","pago_proveedor","id_proveedor","proveedores","proveedor","id_proveedor"
"FK_pago_proveedor_secuencia","cxp","pago_proveedor","id_secuencia_documento","administracion","secuencia_documento","id_secuencia_documento"
"FK_pago_proveedor_sucursal","cxp","pago_proveedor","id_sucursal","empresa","sucursal","id_sucursal"
"FK_pago_proveedor_detalle_documento","cxp","pago_proveedor_detalle","id_documento_pagar","cxp","documento_pagar","id_documento_pagar"
"FK_pago_proveedor_detalle_empresa","cxp","pago_proveedor_detalle","id_empresa","empresa","empresa","id_empresa"
"FK_pago_proveedor_detalle_pago","cxp","pago_proveedor_detalle","id_pago_proveedor","cxp","pago_proveedor","id_pago_proveedor"
"FK_configuracion_general_empresa","empresa","configuracion_general","id_empresa","empresa","empresa","id_empresa"
"FK_sucursal_empresa","empresa","sucursal","id_empresa","empresa","empresa","id_empresa"
"FK_inventario_bodega_centro_costo","inventario","bodega","id_centro_costo","contabilidad","centro_costo","id_centro_costo"
"FK_inventario_bodega_empresa","inventario","bodega","id_empresa","empresa","empresa","id_empresa"
"FK_inventario_bodega_sucursal","inventario","bodega","id_sucursal","empresa","sucursal","id_sucursal"
"FK_inventario_categoria_producto_empresa","inventario","categoria_producto","id_empresa","empresa","empresa","id_empresa"
"FK_inventario_producto_categoria","inventario","producto","id_categoria_producto","inventario","categoria_producto","id_categoria_producto"
"FK_inventario_producto_cuenta_costo","inventario","producto","codigo_cuenta_costo","contabilidad","catalogo_cuenta_muc","codigo_cuenta"
"FK_inventario_producto_cuenta_ingreso","inventario","producto","codigo_cuenta_ingreso","contabilidad","catalogo_cuenta_muc","codigo_cuenta"
"FK_inventario_producto_cuenta_inventario","inventario","producto","codigo_cuenta_inventario","contabilidad","catalogo_cuenta_muc","codigo_cuenta"
"FK_inventario_producto_empresa","inventario","producto","id_empresa","empresa","empresa","id_empresa"
"FK_inventario_producto_impuesto","inventario","producto","id_impuesto_defecto","administracion","impuesto","id_impuesto"
"FK_inventario_producto_moneda","inventario","producto","id_moneda_base","administracion","moneda","id_moneda"
"FK_inventario_producto_unidad","inventario","producto","id_unidad_medida","inventario","unidad_medida","id_unidad_medida"
"FK_inventario_unidad_medida_empresa","inventario","unidad_medida","id_empresa","empresa","empresa","id_empresa"
"FK_modulo_padre","menu","modulo","id_modulo_padre","menu","modulo","id_modulo"
"FK_modulo_rol_modulo","menu","modulo_rol","id_modulo","menu","modulo","id_modulo"
"FK_modulo_rol_rol","menu","modulo_rol","id_rol","seguridad","rol","id_rol"
"FK_concepto_nomina_tipo","nomina","concepto_nomina","id_tipo_concepto_nomina","nomina","tipo_concepto_nomina","id_tipo_concepto_nomina"
"FK_descuento_fijo_empleado","nomina","descuento_fijo_empleado","id_empleado","rrhh","empleado","id_empleado"
"FK_devengado_variable_concepto","nomina","devengado_variable_periodo","id_concepto_nomina","nomina","concepto_nomina","id_concepto_nomina"
"FK_devengado_variable_empleado","nomina","devengado_variable_periodo","id_empleado","rrhh","empleado","id_empleado"
"FK_devengado_variable_esquema","nomina","devengado_variable_periodo","id_esquema_variable_empleado","nomina","esquema_variable_empleado","id_esquema_variable_empleado"
"FK_devengado_variable_periodo","nomina","devengado_variable_periodo","id_periodo_nomina","nomina","periodo_nomina","id_periodo_nomina"
"FK_envio_esquela_estado","nomina","envio_esquela_pago","id_estado_envio_esquela","nomina","estado_envio_esquela","id_estado_envio_esquela"
"FK_envio_esquela_pago","nomina","envio_esquela_pago","id_esquela_pago","nomina","esquela_pago","id_esquela_pago"
"FK_esquela_pago_estado","nomina","esquela_pago","id_estado_esquela_pago","nomina","estado_esquela_pago","id_estado_esquela_pago"
"FK_esquela_pago_nomina_detalle","nomina","esquela_pago","id_nomina_detalle","nomina","nomina_detalle","id_nomina_detalle"
"FK_esquema_variable_empleado_empleado","nomina","esquema_variable_empleado","id_empleado","rrhh","empleado","id_empleado"
"FK_esquema_variable_empleado_tipo","nomina","esquema_variable_empleado","id_tipo_esquema_variable","nomina","tipo_esquema_variable","id_tipo_esquema_variable"
"FK_liquidacion_contrato","nomina","liquidacion","id_contrato","rrhh","contrato","id_contrato"
"FK_liquidacion_empleado","nomina","liquidacion","id_empleado","rrhh","empleado","id_empleado"
"FK_liquidacion_detalle_concepto","nomina","liquidacion_detalle","id_concepto_nomina","nomina","concepto_nomina","id_concepto_nomina"
"FK_liquidacion_detalle_liquidacion","nomina","liquidacion_detalle","id_liquidacion","nomina","liquidacion","id_liquidacion"
"FK_meta_variable_empleado","nomina","meta_variable_empleado","id_empleado","rrhh","empleado","id_empleado"
"FK_movimiento_variable_concepto","nomina","movimiento_variable_empleado","id_concepto_nomina","nomina","concepto_nomina","id_concepto_nomina"
"FK_movimiento_variable_empleado","nomina","movimiento_variable_empleado","id_empleado","rrhh","empleado","id_empleado"
"FK_nomina_estado","nomina","nomina","id_estado_nomina","nomina","estado_nomina","id_estado_nomina"
"FK_nomina_periodo","nomina","nomina","id_periodo_nomina","nomina","periodo_nomina","id_periodo_nomina"
"FK_nomina_detalle_contrato","nomina","nomina_detalle","id_contrato","rrhh","contrato","id_contrato"
"FK_nomina_detalle_empleado","nomina","nomina_detalle","id_empleado","rrhh","empleado","id_empleado"
"FK_nomina_detalle_nomina","nomina","nomina_detalle","id_nomina","nomina","nomina","id_nomina"
"FK_nomina_detalle_concepto_concepto","nomina","nomina_detalle_concepto","id_concepto_nomina","nomina","concepto_nomina","id_concepto_nomina"
"FK_nomina_detalle_concepto_detalle","nomina","nomina_detalle_concepto","id_nomina_detalle","nomina","nomina_detalle","id_nomina_detalle"
"FK_periodo_nomina_estado","nomina","periodo_nomina","id_estado_periodo_nomina","nomina","estado_periodo_nomina","id_estado_periodo_nomina"
"FK_prestamo_empleado","nomina","prestamo_empleado","id_empleado","rrhh","empleado","id_empleado"
"FK_regla_esquema_variable","nomina","regla_esquema_variable","id_esquema_variable_empleado","nomina","esquema_variable_empleado","id_esquema_variable_empleado"
"FK_aplicacion_dispensa_credito_pago","operacion","aplicacion_dispensa_credito","id_pago_credito","creditos","pago_credito","id_pago_credito"
"FK_aplicacion_dispensa_solicitud","operacion","aplicacion_dispensa_credito","id_solicitud_dispensa_credito","operacion","solicitud_dispensa_credito","id_solicitud_dispensa_credito"
"FK_aplicacion_dispensa_detalle_aplicacion","operacion","aplicacion_dispensa_credito_detalle","id_aplicacion_dispensa_credito","operacion","aplicacion_dispensa_credito","id_aplicacion_dispensa_credito"
"FK_aplicacion_dispensa_detalle_solicitud","operacion","aplicacion_dispensa_credito_detalle","id_solicitud_dispensa_credito_detalle","operacion","solicitud_dispensa_credito_detalle","id_solicitud_dispensa_credito_detalle"
"FK_bitacora_dispensa_credito_solicitud","operacion","bitacora_dispensa_credito","id_solicitud_dispensa_credito","operacion","solicitud_dispensa_credito","id_solicitud_dispensa_credito"
"FK_solicitud_anulacion_pago_pago","operacion","solicitud_anulacion_pago","id_pago_credito","creditos","pago_credito","id_pago_credito"
"FK_solicitud_dispensa_credito_credito","operacion","solicitud_dispensa_credito","id_credito","creditos","credito","id_credito"
"FK_solicitud_dispensa_credito_estado","operacion","solicitud_dispensa_credito","id_estado_dispensa","operacion","estado_dispensa","id_estado_dispensa"
"FK_solicitud_dispensa_credito_tipo","operacion","solicitud_dispensa_credito","id_tipo_dispensa","operacion","tipo_dispensa","id_tipo_dispensa"
"FK_solicitud_dispensa_credito_detalle_cuota","operacion","solicitud_dispensa_credito_detalle","id_cuota","creditos","plan_pago_credito","id_plan_pago_credito"
"FK_solicitud_dispensa_detalle_cabecera","operacion","solicitud_dispensa_credito_detalle","id_solicitud_dispensa_credito","operacion","solicitud_dispensa_credito","id_solicitud_dispensa_credito"
"FK_solicitud_dispensa_detalle_concepto","operacion","solicitud_dispensa_credito_detalle","id_concepto_dispensa","operacion","concepto_dispensa","id_concepto_dispensa"
"FK_tipo_cambio_oficial_lote","parametros","tipo_cambio_oficial","id_lote_importacion_tipo_cambio","parametros","lote_importacion_tipo_cambio","id_lote_importacion_tipo_cambio"
"FK_proveedores_proveedor_banco","proveedores","proveedor","id_banco_referencia","rrhh","banco","id_banco"
"FK_proveedores_proveedor_cuenta","proveedores","proveedor","codigo_cuenta_por_pagar","contabilidad","catalogo_cuenta_muc","codigo_cuenta"
"FK_proveedores_proveedor_empresa","proveedores","proveedor","id_empresa","empresa","empresa","id_empresa"
"FK_proveedores_proveedor_moneda","proveedores","proveedor","id_moneda_habitual","administracion","moneda","id_moneda"
"FK_cierre_credito_lote","regulatorio","cierre_credito","id_lote_cierre","regulatorio","lote_cierre","id_lote_cierre"
"FK_regulatorio_conami_regla_norma","regulatorio","conami_regla","id_norma","regulatorio","conami_norma","id_norma"
"FK_lote_cierre_version","regulatorio","lote_cierre","id_version_regla","regulatorio","version_regla","id_version_regla"
"FK_rango_mora_version","regulatorio","rango_mora","id_version_regla","regulatorio","version_regla","id_version_regla"
"FK_regla_clasificacion_version","regulatorio","regla_clasificacion","id_version_regla","regulatorio","version_regla","id_version_regla"
"FK_regla_provision_version","regulatorio","regla_provision","id_version_regla","regulatorio","version_regla","id_version_regla"
"FK_accion_personal_empleado","rrhh","accion_personal","id_empleado","rrhh","empleado","id_empleado"
"FK_rrhh_cargo_departamento","rrhh","cargo","id_departamento","rrhh","departamento","id_departamento"
"FK_contrato_empleado","rrhh","contrato","id_empleado","rrhh","empleado","id_empleado"
"FK_contrato_horario","rrhh","contrato","id_horario_laboral","rrhh","horario_laboral","id_horario_laboral"
"FK_contrato_tipo","rrhh","contrato","id_tipo_contrato","rrhh","tipo_contrato","id_tipo_contrato"
"FK_empleado_banco","rrhh","empleado","id_banco","rrhh","banco","id_banco"
"FK_empleado_cargo","rrhh","empleado","id_cargo","rrhh","cargo","id_cargo"
"FK_empleado_departamento","rrhh","empleado","id_departamento","rrhh","departamento","id_departamento"
"FK_empleado_estado","rrhh","empleado","id_estado_empleado","rrhh","estado_empleado","id_estado_empleado"
"FK_rrhh_empleado_supervision_empleado","rrhh","empleado_supervision","id_empleado","rrhh","empleado","id_empleado"
"FK_rrhh_empleado_supervision_supervisor","rrhh","empleado_supervision","id_supervisor_empleado","rrhh","empleado","id_empleado"
"FK_rrhh_estructura_organizativa_nodo_cargo","rrhh","estructura_organizativa_nodo","id_cargo","rrhh","cargo","id_cargo"
"FK_rrhh_estructura_organizativa_nodo_departamento","rrhh","estructura_organizativa_nodo","id_departamento","rrhh","departamento","id_departamento"
"FK_rrhh_estructura_organizativa_nodo_empleado","rrhh","estructura_organizativa_nodo","id_empleado_titular","rrhh","empleado","id_empleado"
"FK_rrhh_estructura_organizativa_nodo_padre","rrhh","estructura_organizativa_nodo","id_nodo_padre","rrhh","estructura_organizativa_nodo","id_nodo_estructura"
"FK_expediente_documento_empleado","rrhh","expediente_documento","id_empleado","rrhh","empleado","id_empleado"
"FK_hora_extra_empleado","rrhh","hora_extra","id_empleado","rrhh","empleado","id_empleado"
"FK_hora_extra_tipo","rrhh","hora_extra","id_tipo_hora_extra","rrhh","tipo_hora_extra","id_tipo_hora_extra"
"FK_rrhh_marcacion_reloj_empleado","rrhh","marcacion_reloj","id_empleado","rrhh","empleado","id_empleado"
"FK_rrhh_marcacion_reloj_usuario","rrhh","marcacion_reloj","id_usuario","seguridad","usuario","id_usuario"
"FK_permiso_empleado","rrhh","solicitud_permiso","id_empleado","rrhh","empleado","id_empleado"
"FK_permiso_tipo","rrhh","solicitud_permiso","id_tipo_permiso","rrhh","tipo_permiso","id_tipo_permiso"
"FK_vacacion_empleado","rrhh","vacacion","id_empleado","rrhh","empleado","id_empleado"
"FK_bitacora_acceso_usuario","seguridad","bitacora_acceso","id_usuario","seguridad","usuario","id_usuario"
"FK_rol_permiso_permiso","seguridad","rol_permiso","id_permiso","seguridad","permiso","id_permiso"
"FK_rol_permiso_rol","seguridad","rol_permiso","id_rol","seguridad","rol","id_rol"
"FK_sesion_usuario_usuario","seguridad","sesion_usuario","id_usuario","seguridad","usuario","id_usuario"
"FK_recuperacion_clave_usuario","seguridad","solicitud_recuperacion_clave","id_usuario","seguridad","usuario","id_usuario"
"FK_usuario_sucursal","seguridad","usuario","id_sucursal","empresa","sucursal","id_sucursal"
"FK_seguridad_usuario_modulo_usuario","seguridad","usuario_modulo","id_usuario","seguridad","usuario","id_usuario"
"FK_usuario_rol_rol","seguridad","usuario_rol","id_rol","seguridad","rol","id_rol"
"FK_usuario_rol_usuario","seguridad","usuario_rol","id_usuario","seguridad","usuario","id_usuario"
"FK_ventas_factura_asiento","ventas","factura","id_asiento","contabilidad","asiento","id_asiento"
"FK_ventas_factura_cliente","ventas","factura","id_cliente","clientes","cliente","id_cliente"
"FK_ventas_factura_cobro_cliente_contado","ventas","factura","id_cobro_cliente_contado","cxc","cobro_cliente","id_cobro_cliente"
"FK_ventas_factura_documento_cobrar","ventas","factura","id_documento_cobrar","cxc","documento_cobrar","id_documento_cobrar"
"FK_ventas_factura_empresa","ventas","factura","id_empresa","empresa","empresa","id_empresa"
"FK_ventas_factura_lista_precio","ventas","factura","id_lista_precio","ventas","lista_precio","id_lista_precio"
"FK_ventas_factura_moneda","ventas","factura","id_moneda","administracion","moneda","id_moneda"
"FK_ventas_factura_sucursal","ventas","factura","id_sucursal","empresa","sucursal","id_sucursal"
"FK_ventas_factura_detalle_cuenta","ventas","factura_detalle","codigo_cuenta_ingreso","contabilidad","catalogo_cuenta_muc","codigo_cuenta"
"FK_ventas_factura_detalle_factura","ventas","factura_detalle","id_factura","ventas","factura","id_factura"
"FK_ventas_factura_detalle_impuesto","ventas","factura_detalle","id_impuesto","administracion","impuesto","id_impuesto"
"FK_ventas_factura_detalle_producto","ventas","factura_detalle","id_producto","inventario","producto","id_producto"
"FK_ventas_lista_precio_empresa","ventas","lista_precio","id_empresa","empresa","empresa","id_empresa"
"FK_ventas_lista_precio_moneda","ventas","lista_precio","id_moneda","administracion","moneda","id_moneda"
"FK_ventas_lista_precio_detalle_header","ventas","lista_precio_detalle","id_lista_precio","ventas","lista_precio","id_lista_precio"
"FK_ventas_lista_precio_detalle_producto","ventas","lista_precio_detalle","id_producto","inventario","producto","id_producto"
"FK_ventas_nota_credito_asiento","ventas","nota_credito","id_asiento","contabilidad","asiento","id_asiento"
"FK_ventas_nota_credito_cliente","ventas","nota_credito","id_cliente","clientes","cliente","id_cliente"
"FK_ventas_nota_credito_cuenta","ventas","nota_credito","codigo_cuenta_ingreso","contabilidad","catalogo_cuenta_muc","codigo_cuenta"
"FK_ventas_nota_credito_documento","ventas","nota_credito","id_documento_cobrar","cxc","documento_cobrar","id_documento_cobrar"
"FK_ventas_nota_credito_empresa","ventas","nota_credito","id_empresa","empresa","empresa","id_empresa"
"FK_ventas_nota_credito_factura","ventas","nota_credito","id_factura","ventas","factura","id_factura"
"FK_ventas_nota_credito_moneda","ventas","nota_credito","id_moneda","administracion","moneda","id_moneda"
"FK_ventas_nota_credito_sucursal","ventas","nota_credito","id_sucursal","empresa","sucursal","id_sucursal"
