"TABLE_SCHEMA","TABLE_NAME"
"administracion","impuesto"
"administracion","moneda"
"administracion","secuencia_documento"
"auditoria","bitacora_transaccion"
"bancos","conciliacion_bancaria"
"bancos","conciliacion_bancaria_detalle"
"bancos","cuenta_bancaria"
"bancos","estado_conciliacion_bancaria"
"bancos","movimiento_bancario"
"bancos","tipo_movimiento_bancario"
"bancos","transferencia_bancaria"
"caja","arqueo_caja"
"caja","desglose_arqueo_caja"
"caja","detalle_denominacion_arqueo"
"caja","movimiento_caja"
"caja","recibo_oficial_caja"
"caja","sesion_caja"
"captaciones","captacion_cliente"
"captaciones","movimiento_captacion"
"captaciones","producto_captacion"
"clientes","cliente"
"clientes","historial_prospecto_cliente"
"clientes","prospecto_cliente"
"clientes","solicitud_eliminacion_cliente"
"cobranza","asignacion_cobranza_credito"
"cobranza","bitacora_gestion_cobranza"
"cobranza","canal_gestion_cobranza"
"cobranza","clasificacion_cobranza"
"cobranza","conciliacion_promesa_pago_credito"
"cobranza","estado_promesa_pago"
"cobranza","gestion_cobranza_credito"
"cobranza","promesa_pago_credito"
"cobranza","resultado_gestion_cobranza"
"cobranza","tipo_contacto_gestion_cobranza"
"cobranza","tipo_gestion_cobranza"
"compras","factura_proveedor"
"compras","factura_proveedor_detalle"
"configuracion","asignacion_plantilla_formato"
"configuracion","bitacora_formato"
"configuracion","bloque_plantilla_formato"
"configuracion","catalogo_operativo"
"configuracion","documento_generado"
"configuracion","parametro_impresion_formato"
"configuracion","parametro_visual_empresa"
"configuracion","plantilla_formato"
"configuracion","plantilla_formato_version"
"configuracion","plantilla_variable_permitida"
"configuracion","preset_impresion_formato"
"configuracion","recurso_visual_formato"
"configuracion","tipo_documento_formato"
"configuracion","variable_formato"
"contabilidad","asiento"
"contabilidad","asiento_detalle"
"contabilidad","catalogo_cuenta_muc"
"contabilidad","catalogo_muc_detallado"
"contabilidad","centro_costo"
"contabilidad","configuracion_asiento_pago_credito"
"contabilidad","configuracion_asiento_transaccion"
"contabilidad","configuracion_asiento_transaccion_detalle"
"contabilidad","configuracion_saneamiento_credito"
"contabilidad","configuracion_traslado_estado_credito"
"contabilidad","cuenta_orden_configuracion"
"contabilidad","historial_evento_credito_contable"
"contabilidad","mapeo_estado_muc"
"contabilidad","periodo_contable"
"contabilidad","reversion_asiento"
"contabilidad","tipo_transaccion_contable"
"creditos","aplicacion_pago_credito"
"creditos","aplicacion_pago_cuota"
"creditos","aprobacion_solicitud_credito"
"creditos","asignacion_oficial_credito"
"creditos","avaluo_garantia"
"creditos","cargo_credito"
"creditos","credito"
"creditos","credito_prorroga"
"creditos","credito_reestructuracion"
"creditos","credito_refinanciamiento"
"creditos","desembolso_credito"
"creditos","documento_expediente"
"creditos","expediente_credito"
"creditos","garantia_credito"
"creditos","historial_asignacion_oficial_credito"
"creditos","pago_credito"
"creditos","persona_vinculada_credito"
"creditos","plan_pago_credito"
"creditos","producto_crediticio"
"creditos","recibo_pago_credito"
"creditos","solicitud_credito"
"creditos","tasa_variable_credito"
"cumplimiento","alerta_cumplimiento"
"cumplimiento","alerta_cumplimiento_cliente"
"cumplimiento","bitacora_debida_diligencia_cliente"
"cumplimiento","caso_cumplimiento"
"cumplimiento","coincidencia_lista"
"cumplimiento","coincidencia_lista_cliente"
"cumplimiento","declaracion_beneficiario_final_cliente"
"cumplimiento","declaracion_origen_fondos_cliente"
"cumplimiento","documento_expediente_cliente"
"cumplimiento","documento_pla"
"cumplimiento","evaluacion_kyc_cliente"
"cumplimiento","expediente_pla"
"cumplimiento","expediente_regulatorio_cliente"
"cumplimiento","lista_control_cumplimiento"
"cumplimiento","lista_restrictiva"
"cumplimiento","matriz_alerta_temprana"
"cumplimiento","parametro_alerta_aml"
"cumplimiento","perfil_transaccional"
"cumplimiento","persona_pla"
"cumplimiento","reporte_operacion_cliente"
"cumplimiento","seguimiento_caso_cumplimiento"
"cxc","anticipo_cliente"
"cxc","aplicacion_anticipo_cliente"
"cxc","cobro_cliente"
"cxc","cobro_cliente_detalle"
"cxc","documento_cobrar"
"cxc","movimiento_documento_cobrar"
"cxp","anticipo_proveedor"
"cxp","aplicacion_anticipo_proveedor"
"cxp","documento_pagar"
"cxp","movimiento_documento_pagar"
"cxp","pago_proveedor"
"cxp","pago_proveedor_detalle"
"empresa","configuracion_general"
"empresa","empresa"
"empresa","sucursal"
"inventario","bodega"
"inventario","categoria_producto"
"inventario","producto"
"inventario","unidad_medida"
"menu","modulo"
"menu","modulo_rol"
"nomina","concepto_nomina"
"nomina","descuento_fijo_empleado"
"nomina","devengado_variable_periodo"
"nomina","envio_esquela_pago"
"nomina","esquela_pago"
"nomina","esquema_variable_empleado"
"nomina","estado_envio_esquela"
"nomina","estado_esquela_pago"
"nomina","estado_nomina"
"nomina","estado_periodo_nomina"
"nomina","liquidacion"
"nomina","liquidacion_detalle"
"nomina","meta_variable_empleado"
"nomina","movimiento_variable_empleado"
"nomina","nomina"
"nomina","nomina_detalle"
"nomina","nomina_detalle_concepto"
"nomina","parametro_contribucion"
"nomina","parametro_nomina"
"nomina","periodo_nomina"
"nomina","prestamo_empleado"
"nomina","regla_esquema_variable"
"nomina","tabla_ir_laboral"
"nomina","tipo_concepto_nomina"
"nomina","tipo_esquema_variable"
"operacion","aplicacion_dispensa_credito"
"operacion","aplicacion_dispensa_credito_detalle"
"operacion","bitacora_dispensa_credito"
"operacion","bitacora_operativa"
"operacion","concepto_dispensa"
"operacion","estado_dispensa"
"operacion","nota_ajuste"
"operacion","reversion_operacion"
"operacion","solicitud_anulacion_pago"
"operacion","solicitud_dispensa_credito"
"operacion","solicitud_dispensa_credito_detalle"
"operacion","tipo_dispensa"
"parametros","agrupacion_credito"
"parametros","categoria_riesgo"
"parametros","denominacion_moneda"
"parametros","lote_importacion_tipo_cambio"
"parametros","tipo_cambio"
"parametros","tipo_cambio_institucional"
"parametros","tipo_cambio_oficial"
"parametros","tipo_documento_expediente"
"parametros","tipo_garantia"
"proveedores","proveedor"
"regulatorio","cierre_credito"
"regulatorio","conami_norma"
"regulatorio","conami_regla"
"regulatorio","historial_clasificacion"
"regulatorio","historial_provision"
"regulatorio","lote_cierre"
"regulatorio","normativa_cumplimiento"
"regulatorio","rango_mora"
"regulatorio","regla_clasificacion"
"regulatorio","regla_provision"
"regulatorio","version_regla"
"rrhh","accion_personal"
"rrhh","banco"
"rrhh","cargo"
"rrhh","contrato"
"rrhh","departamento"
"rrhh","empleado"
"rrhh","empleado_supervision"
"rrhh","estado_empleado"
"rrhh","estructura_organizativa_nodo"
"rrhh","expediente_documento"
"rrhh","hora_extra"
"rrhh","horario_laboral"
"rrhh","marcacion_reloj"
"rrhh","solicitud_permiso"
"rrhh","tipo_contrato"
"rrhh","tipo_hora_extra"
"rrhh","tipo_permiso"
"rrhh","vacacion"
"seguridad","bitacora_acceso"
"seguridad","parametro_seguridad"
"seguridad","permiso"
"seguridad","rol"
"seguridad","rol_permiso"
"seguridad","sesion_usuario"
"seguridad","solicitud_recuperacion_clave"
"seguridad","usuario"
"seguridad","usuario_modulo"
"seguridad","usuario_rol"
"ventas","factura"
"ventas","factura_detalle"
"ventas","lista_precio"
"ventas","lista_precio_detalle"
"ventas","nota_credito"
